email, senha
0.6493307495578873@mail.com,user123
0.6878624372040307@mail.com,user123
0.7718656946268064@mail.com,user123
0.9570442483769814@mail.com,user123
0.6441911163920654@mail.com,user123
0.21299393533287822@mail.com,user123
0.3825748165292278@mail.com,user123
0.8931825808363875@mail.com,user123
0.8052447565241337@mail.com,user123
0.7612329378782284@mail.com,user123
0.8389095367568185@mail.com,user123
0.5698287883700113@mail.com,user123